Player,Gls/90,G/Sh,G/SoT,SoT%,SoT/90,Sh/90,G-PK/90,PK/90,PKatt/90,Dist,Age,MP,Min,90s,Starts,Subs,unSub
Abel Hernández,0.3,0.13,0.33,37.5,0.9,2.3,0.3,0.0,0.0,12.1,29.0,23.0,925.0,10.3,10.0,13.0,5.0
Adailson Dadá,0.1,0.04,0.18,22.9,0.4,1.7,0.1,0.0,0.0,23.1,24.0,33.0,2508.0,27.9,30.0,3.0,0.0
Ademir Santos,0.275,0.0975,0.2675,37.15,0.875,2.4,0.22499999999999998,0.05,0.05,17.95,26.5,32.5,1732.5,19.25,18.25,14.25,1.25
Adrián Martínez,0.4,0.15,0.4,37.0,0.9,2.4,0.4,0.0,0.0,13.1,29.0,22.0,1000.0,11.1,10.0,12.0,4.0
Adson,0.15000000000000002,0.095,0.29000000000000004,34.8,0.6499999999999999,1.9,0.15000000000000002,0.0,0.0,19.25,22.0,22.5,1231.5,13.7,13.5,9.0,2.0
Agustín Canobbio,0.16666666666666666,0.08,0.22,38.86666666666667,0.9,2.2666666666666666,0.16666666666666666,0.0,0.0,19.333333333333332,24.0,24.666666666666668,1579.6666666666667,17.533333333333335,18.0,6.666666666666667,1.0
Airton,0.1,0.06,0.15,36.1,0.7,1.9,0.1,0.0,0.0,17.2,22.0,33.0,1738.0,19.3,22.0,11.0,2.0
Alan Patrick,0.26666666666666666,0.09333333333333334,0.25333333333333335,36.6,0.7666666666666667,2.066666666666667,0.19999999999999998,0.10000000000000002,0.13333333333333333,21.5,31.0,27.666666666666668,1935.0,21.46666666666667,22.666666666666668,5.0,0.6666666666666666
Alecsandro,0.2,0.09,0.25,34.8,0.6,1.8,0.2,0.0,0.1,11.6,37.0,20.0,1167.0,13.0,15.0,5.0,4.0
Alef Manga,0.3,0.09,0.23,37.0,1.1,3.0,0.3,0.1,0.1,18.8,27.0,35.0,2426.0,27.0,30.0,5.0,0.0
Alejo Cruz,0.1,0.03,0.17,18.2,0.3,1.4,0.0,0.0,0.0,24.0,23.0,36.0,2156.0,24.0,22.0,14.0,1.0
Alerrandro,0.5666666666666667,0.18000000000000002,0.4066666666666667,43.93333333333334,1.2666666666666666,2.8666666666666667,0.5,0.06666666666666667,0.10000000000000002,16.833333333333332,22.0,23.333333333333332,1414.0,15.700000000000001,18.0,5.333333333333333,1.6666666666666667
Alesson,0.2,0.09,0.22,40.9,0.8,1.9,0.2,0.0,0.0,15.6,22.0,21.0,1024.0,11.4,11.0,10.0,5.0
Alex Teixeira,0.1,0.04,0.14,29.2,0.6,1.9,0.1,0.0,0.0,15.2,33.0,22.0,1131.0,12.6,13.0,9.0,16.0
Alexandre Alemão,0.4,0.16,0.42,38.8,0.9,2.2,0.4,0.0,0.0,14.3,23.0,34.0,2005.0,22.3,22.0,12.0,1.0
Alexandre Pato,0.3,0.12,0.29,40.5,1.1,2.6,0.3,0.0,0.0,19.1,29.0,20.0,1434.0,15.9,18.0,2.0,7.0
Alisson,0.1,0.05,0.132,33.760000000000005,0.74,2.0,0.1,0.0,0.0,19.4,27.0,25.0,1728.4,19.2,20.8,4.2,2.6
Allano,0.1,0.03,0.095,33.65,0.75,2.25,0.1,0.0,0.0,18.0,27.5,21.5,1266.5,14.05,14.0,7.5,1.5
Aloísio dos Santos Gonçalves,0.4,0.09,0.21,43.8,1.3,3.0,0.3,0.1,0.1,16.0,33.0,22.0,949.0,10.5,10.0,12.0,4.0
Anderson,0.0,0.0,0.0,11.8,0.1,1.2,0.0,0.0,0.0,21.5,24.0,20.0,1291.0,14.3,18.0,2.0,1.0
André,0.1,0.04,0.25,14.8,0.3,1.8,0.1,0.1,0.1,18.3,30.0,20.0,1363.0,15.1,14.0,6.0,0.0
André Luis,0.10000000000000002,0.06999999999999999,0.22,31.266666666666666,0.5,1.6333333333333335,0.10000000000000002,0.0,0.0,19.666666666666668,22.666666666666668,29.0,1667.0,18.53333333333333,20.0,9.0,2.6666666666666665
André Silva,0.4,0.2,0.54,37.1,0.8,2.1,0.4,0.0,0.0,15.7,26.0,30.0,1535.0,17.1,17.0,13.0,7.0
Andrés D'Alessandro,0.1,0.03,0.1,33.3,0.6,1.8,0.1,0.0,0.1,25.2,37.0,23.0,1515.0,16.8,15.0,8.0,2.0
Anselmo Ramon,0.2,0.07,0.33,20.0,0.4,1.8,0.1,0.1,0.1,13.7,32.0,24.0,1529.0,17.0,21.0,3.0,3.0
Antony,0.2,0.06,0.15,40.0,1.0,2.5,0.2,0.0,0.0,21.6,18.0,29.0,2379.0,26.4,27.0,2.0,0.0
Apodi,0.1,0.08,0.25,31.75,0.5,1.5499999999999998,0.1,0.0,0.0,20.3,33.5,25.0,1757.0,19.55,20.5,4.5,3.0
Arthur,0.2125,0.08625,0.2675,41.3,0.8125,2.1125,0.2,0.037500000000000006,0.037500000000000006,18.4625,24.0,24.625,1391.5,15.4625,15.625,9.0,4.875
Artur,0.2,0.086,0.26399999999999996,32.88,0.78,2.3600000000000003,0.2,0.02,0.02,19.72,22.0,31.8,2557.0,28.419999999999998,29.4,2.4,1.2
Bergson da Silva,0.2,0.07,0.16,41.3,1.5,3.6,0.2,0.0,0.1,17.8,27.0,22.0,1141.0,12.7,12.0,10.0,13.0
Biel,0.3,0.11666666666666665,0.3866666666666667,28.633333333333336,0.7666666666666666,2.433333333333333,0.3,0.0,0.0,18.333333333333332,20.666666666666668,22.0,1086.0,12.033333333333333,10.0,12.0,0.3333333333333333
Bitelo,0.2,0.13,0.57,22.6,0.4,1.8,0.2,0.0,0.0,18.9,23.0,19.0,1550.0,17.2,18.0,1.0,0.0
Braian Romero,0.2,0.11,0.4,26.3,0.5,1.9,0.2,0.0,0.0,18.1,27.0,16.0,921.0,10.2,10.0,6.0,22.0
Brenner,0.5,0.16,0.41,40.3,1.3,3.2,0.5,0.0,0.0,14.1,20.0,27.0,1908.0,21.2,21.0,6.0,0.0
Brenner Marlos,0.2,0.06,0.33,18.8,0.3,1.6,0.1,0.1,0.1,15.7,24.0,14.0,928.0,10.3,12.0,2.0,10.0
Breno,0.2333333333333333,0.11,0.32,37.733333333333334,0.9666666666666667,2.3666666666666667,0.2333333333333333,0.0,0.0,17.7,26.333333333333332,27.0,1412.3333333333333,15.700000000000001,15.0,12.0,3.0
Bruno Costa,0.0,0.0,0.0,37.9,0.9,2.4,0.0,0.0,0.0,18.0,20.0,22.0,1093.0,12.1,12.0,10.0,0.0
Bruno Henrique,0.36,0.132,0.303,42.33,1.1,2.6100000000000003,0.35,0.0,0.02,16.410000000000004,30.5,30.0,2115.4,23.5,23.3,6.7,0.2
Bruno Nascimento,0.3,0.08,0.22,35.5,0.9,2.4,0.2,0.1,0.1,21.2,25.0,35.0,2820.0,31.3,30.0,5.0,0.0
Bruno Nazário,0.0,0.03,0.11,24.3,0.4,1.8,0.0,0.0,0.0,20.7,24.0,26.0,1809.0,20.1,22.0,4.0,1.0
Bruno Tabata,0.2,0.08,0.18,45.8,0.9,2.0,0.2,0.0,0.1,23.8,26.0,17.0,1071.0,11.9,14.0,3.0,0.0
Bruno Tubarão,0.1,0.03,0.14,21.2,0.5,2.6,0.1,0.0,0.0,18.6,24.0,28.0,1161.0,12.9,13.0,15.0,2.0
Bruno Zapelli,0.1,0.03,0.2,26.3,0.5,2.1,0.1,0.0,0.0,19.25,20.5,26.5,1277.5,14.2,14.5,12.0,2.5
Cadu,0.3,0.19,0.43,43.8,0.6,1.4,0.3,0.0,0.0,12.1,19.0,20.0,1008.0,11.2,12.0,8.0,6.0
Caio Paulista,0.05,0.03,0.145,18.25,0.3,1.85,0.05,0.0,0.0,19.55,21.0,26.5,1912.0,21.25,23.5,3.0,1.5
Caio Vidal,0.1,0.05,0.14,31.8,0.7,2.1,0.1,0.0,0.0,20.1,20.0,20.0,944.0,10.5,11.0,9.0,14.0
Calebe,0.1,0.05,0.13,38.5,0.9,2.4,0.1,0.0,0.0,21.0,22.0,29.0,1479.0,16.4,16.0,13.0,1.0
Capixaba,0.05,0.025,0.085,20.45,0.25,1.25,0.05,0.0,0.0,21.4,24.5,30.5,1591.5,17.7,18.5,12.0,3.0
Carlinhos,0.1,0.03,0.14,21.2,0.5,2.2,0.1,0.0,0.0,27.1,25.0,28.0,1381.0,15.3,14.0,14.0,4.0
Carlos Eduardo,0.16666666666666666,0.08,0.20666666666666667,30.833333333333332,0.5666666666666667,1.6666666666666667,0.16666666666666666,0.0,0.0,19.53333333333333,24.0,25.333333333333332,1205.6666666666667,13.4,13.0,12.333333333333334,5.333333333333333
Carlos Sánchez,0.3,0.07,0.29,25.9,0.4,1.7,0.1,0.2,0.2,21.6,36.0,28.0,1426.0,15.8,14.0,14.0,3.0
Carlos de Pena,0.15000000000000002,0.055,0.2,28.65,0.6,2.05,0.1,0.05,0.05,24.85,29.5,30.5,2029.5,22.55,23.0,7.5,2.5
Cauly Oliveira Souza,0.1,0.075,0.255,28.75,0.55,1.95,0.1,0.0,0.0,19.45,27.5,35.0,2609.5,29.0,32.0,3.0,0.0
Chico,0.03333333333333333,0.006666666666666667,0.03,30.900000000000002,0.4666666666666666,1.5333333333333332,0.0,0.03333333333333333,0.03333333333333333,23.53333333333333,29.0,32.666666666666664,1858.6666666666667,20.666666666666668,21.0,11.666666666666666,3.6666666666666665
Christian,0.2,0.095,0.355,27.45,0.45,1.6,0.2,0.0,0.0,18.1,22.5,22.5,1434.5,15.899999999999999,15.5,7.0,3.0
Claudinho,0.6,0.14,0.41,34.0,1.1,3.2,0.4,0.1,0.2,24.6,23.0,35.0,2838.0,31.5,33.0,2.0,1.0
Clayson,0.2333333333333333,0.09333333333333334,0.3833333333333333,27.733333333333334,0.5,1.8666666666666665,0.16666666666666666,0.06666666666666667,0.06666666666666667,21.599999999999998,26.666666666666668,29.0,2060.6666666666665,22.900000000000002,26.666666666666668,2.3333333333333335,1.0
Cléber,0.26666666666666666,0.09666666666666668,0.26666666666666666,37.06666666666667,1.0666666666666667,2.8000000000000003,0.26666666666666666,0.0,0.03333333333333333,14.4,24.0,27.333333333333332,1534.3333333333333,17.033333333333335,18.333333333333332,9.0,4.0
Cristian Pavón,0.1,0.035,0.105,32.25,0.8500000000000001,2.65,0.1,0.0,0.0,20.1,27.5,27.0,1510.5,16.8,18.5,8.5,2.0
Dalberto,0.2,0.09,0.27,34.4,0.8,2.3,0.2,0.0,0.0,14.5,25.0,15.0,1264.0,14.0,15.0,0.0,0.0
Dani Alves,0.0,0.02,0.09,26.8,0.4,1.4,0.0,0.0,0.0,25.8,36.0,30.0,2688.0,29.9,30.0,0.0,0.0
Daniel Villalva,0.0,0.0,0.0,29.4,0.4,1.4,0.0,0.0,0.0,21.4,27.0,18.0,1098.0,12.2,16.0,2.0,2.0
David,0.15000000000000002,0.0925,0.3175,29.849999999999998,0.575,2.025,0.15000000000000002,0.0,0.0,18.725,25.0,30.75,2052.5,22.8,25.25,5.5,1.0
David Terans,0.3,0.08,0.27,30.1,1.1,3.7,0.3,0.0,0.0,22.6,26.0,29.0,1752.0,19.5,21.0,8.0,1.0
Derek,0.3,0.1,0.38,26.7,0.7,2.7,0.3,0.0,0.1,15.4,26.0,25.0,986.0,11.0,11.0,14.0,4.0
Derik Lacerda,0.3,0.15,0.44,34.6,0.6,1.6,0.3,0.0,0.0,14.6,24.0,27.0,1420.0,15.8,15.0,12.0,0.0
Deyverson,0.32,0.126,0.274,45.239999999999995,1.04,2.2800000000000002,0.27999999999999997,0.04,0.08,13.919999999999998,29.8,24.6,1647.2,18.3,18.6,6.0,2.8
Didira,0.0,0.0,0.0,15.4,0.2,1.2,0.0,0.0,0.0,23.9,30.0,14.0,997.0,11.1,13.0,1.0,8.0
Diego Churín,0.3,0.12,0.27,42.3,0.8,2.0,0.2,0.0,0.0,14.1,32.0,36.0,2387.0,26.5,25.0,11.0,0.0
Diego Souza,0.4333333333333333,0.17666666666666667,0.41,42.63333333333333,0.9,2.0,0.3666666666666667,0.06666666666666667,0.10000000000000002,16.366666666666667,34.0,29.333333333333332,2124.3333333333335,23.600000000000005,26.333333333333332,3.0,2.3333333333333335
Diego Tardelli,0.2,0.11,0.21,52.8,0.9,1.7,0.2,0.0,0.0,17.4,33.0,29.0,1944.0,21.6,23.0,6.0,0.0
Dimitri Payet,0.2,0.15,0.5,30.8,0.3,1.0,0.1,0.1,0.1,27.2,36.0,23.0,1220.0,13.6,16.0,7.0,1.0
Douglas Baggio,0.0,0.0,0.0,33.3,0.6,1.8,0.0,0.0,0.0,20.7,24.0,25.0,1046.0,11.6,11.0,14.0,1.0
Douglas Costa,0.1,0.07,0.2,34.9,0.7,2.1,0.1,0.0,0.0,23.4,30.0,26.0,1805.0,20.1,20.0,6.0,0.0
Dudu,0.225,0.08499999999999999,0.235,37.525,0.925,2.475,0.225,0.0,0.0,18.5,29.25,27.25,2109.0,23.45,25.25,2.0,0.25
Edenílson,0.20000000000000004,0.10666666666666667,0.25,44.6,0.43333333333333335,0.9666666666666668,0.13333333333333333,0.06666666666666667,0.06666666666666667,20.866666666666664,32.666666666666664,30.333333333333332,1804.0,20.033333333333335,20.666666666666668,9.666666666666666,3.3333333333333335
Edinho,0.2,0.09,0.23,38.2,0.7,1.8,0.2,0.0,0.0,25.7,24.0,29.0,1748.0,19.4,20.0,9.0,3.0
Eduardo Sasha,0.34,0.144,0.324,43.7,1.02,2.3600000000000003,0.32,0.02,0.02,15.02,28.6,31.8,2121.4,23.56,26.2,5.6,1.0
Eduardo Vargas,0.30000000000000004,0.08,0.24,33.35,0.85,2.5999999999999996,0.2,0.1,0.15000000000000002,18.35,31.0,20.0,1074.0,11.95,12.5,7.5,2.0
Emiliano Rigoni,0.2,0.06,0.22,29.0,0.8,2.7,0.2,0.0,0.0,19.3,27.0,30.0,2060.0,22.9,24.0,6.0,0.0
Emiliano Rodríguez,0.0,0.0,0.0,33.3,0.8,2.5,0.0,0.0,0.0,13.9,20.0,21.0,1096.0,12.2,14.0,7.0,2.0
Endrick,0.6,0.22,0.44,51.0,1.4,2.8,0.6,0.0,0.1,17.4,16.0,31.0,1558.0,17.3,18.0,13.0,6.0
Enner Valencia,0.44999999999999996,0.125,0.29000000000000004,43.8,1.3,2.95,0.4,0.05,0.1,15.6,33.5,23.0,1201.5,13.35,14.5,8.5,0.5
Eric Ramires,0.1,0.09,0.25,36.4,0.3,0.9,0.1,0.0,0.0,22.5,21.0,25.0,1157.0,12.9,11.0,14.0,2.0
Erick,0.2,0.08,0.165,44.349999999999994,0.9,2.2,0.15000000000000002,0.05,0.05,17.4,25.5,29.5,1581.5,17.6,18.0,11.5,4.5
Erison,0.4,0.13,0.3,41.7,1.2,2.9,0.4,0.1,0.1,15.8,22.0,20.0,1483.0,16.5,17.0,3.0,0.0
Eros Mancuso,0.1,0.06,0.17,35.3,0.6,1.7,0.1,0.0,0.0,24.2,24.0,12.0,923.0,10.3,11.0,1.0,2.0
Estêvão Willian,0.6,0.12,0.29,42.7,1.5,3.5,0.4,0.1,0.1,19.9,17.0,31.0,2097.0,23.3,26.0,5.0,0.0
Everaldo,0.10000000000000002,0.03666666666666667,0.14333333333333334,27.366666666666664,0.5,1.7,0.06666666666666667,0.0,0.0,21.933333333333334,27.0,22.333333333333332,1380.0,15.333333333333334,18.0,4.333333333333333,3.3333333333333335
Everaldo Stum,0.4000000000000001,0.10666666666666667,0.2966666666666667,35.699999999999996,1.0,2.9,0.3,0.06666666666666667,0.06666666666666667,16.266666666666666,30.0,34.333333333333336,2401.3333333333335,26.666666666666668,28.333333333333332,6.0,0.3333333333333333
Everton,0.4,0.16,0.43,36.8,1.0,2.8,0.4,0.0,0.0,22.5,25.0,28.0,1212.0,13.5,9.0,19.0,2.0
Everton Felipe,0.0,0.0,0.0,15.4,0.2,1.1,0.0,0.0,0.1,28.6,23.0,20.0,1113.0,12.4,11.0,9.0,3.0
Everton Ribeiro,0.14,0.098,0.258,38.14,0.54,1.46,0.14,0.0,0.0,20.2,31.0,29.4,2014.4,22.4,22.8,6.6,1.0
Everton Soares,0.23333333333333336,0.08,0.20666666666666667,38.36666666666667,1.1333333333333333,2.9333333333333336,0.23333333333333336,0.0,0.0,18.7,24.333333333333332,27.666666666666668,1813.3333333333333,20.133333333333333,19.666666666666668,8.0,1.6666666666666667
Ewerton,0.1,0.05,0.17,31.6,0.5,1.4,0.1,0.0,0.0,22.9,23.0,24.0,1189.0,13.2,12.0,12.0,4.0
Fabrício,0.2,0.07,0.275,24.950000000000003,0.75,2.95,0.2,0.0,0.0,20.4,23.5,25.0,1353.5,15.05,16.5,8.5,2.0
Federico Zaracho,0.16666666666666666,0.10666666666666667,0.4066666666666667,24.566666666666663,0.3666666666666667,1.5333333333333332,0.16666666666666666,0.0,0.0,15.766666666666667,23.0,28.333333333333332,2081.0,23.099999999999998,25.0,3.3333333333333335,0.0
Felipe Anderson,0.1,0.08,0.29,29.2,0.5,1.6,0.1,0.0,0.0,17.3,30.0,20.0,1310.0,14.6,16.0,4.0,1.0
Felipe Azevedo,0.20000000000000004,0.07666666666666666,0.24,32.3,0.8000000000000002,2.433333333333333,0.20000000000000004,0.0,0.0,18.599999999999998,35.0,34.333333333333336,2116.0,23.5,28.666666666666668,5.666666666666667,1.3333333333333333
Felipe Marques,0.05,0.05,0.11,36.15,0.55,1.55,0.05,0.0,0.0,18.85,31.5,27.0,1112.0,12.35,10.5,16.5,4.0
Felipe Silva,0.1,0.05,0.13,36.4,0.5,1.4,0.1,0.0,0.0,22.7,28.0,24.0,1415.0,15.7,17.0,7.0,8.0
Felippe Cardoso,0.1,0.06,0.2,32.3,0.7,2.2,0.1,0.0,0.0,18.3,20.0,18.0,1285.0,14.3,14.0,4.0,10.0
Fellipe Mateus,0.1,0.09,0.18,48.6,0.8,1.7,0.1,0.0,0.0,20.0,32.0,31.0,1887.0,21.0,20.0,11.0,0.0
Fernandinho,0.0,0.0,0.0,41.2,0.6,1.5,0.0,0.0,0.0,18.5,23.0,15.0,1040.0,11.6,11.0,4.0,1.0
Fernando Camilo Farias,0.0,0.02,0.08,27.3,0.5,1.9,0.0,0.0,0.0,24.0,32.0,28.0,2045.0,22.7,25.0,3.0,1.0
Fernando Sobral,0.1,0.02,0.1,20.8,0.3,1.5,0.0,0.0,0.0,23.7,25.0,34.0,2803.0,31.1,32.0,2.0,0.0
Fernandão,0.45,0.135,0.385,32.35,0.95,3.0,0.35,0.15000000000000002,0.15000000000000002,14.55,31.5,28.5,1387.0,15.45,16.0,12.5,3.5
Ferreira,0.26666666666666666,0.11666666666666668,0.31,36.43333333333333,0.9333333333333335,2.566666666666667,0.26666666666666666,0.0,0.0,18.333333333333332,24.666666666666668,26.666666666666668,1503.0,16.7,14.666666666666666,12.0,1.0
Franco Cristaldo,0.3,0.12000000000000001,0.26,43.95,0.8,1.9000000000000001,0.2,0.05,0.1,19.25,26.5,34.5,2133.5,23.7,28.0,6.5,1.0
Franco Di Santo,0.2,0.07,0.22,31.0,0.6,1.8,0.1,0.1,0.1,15.7,29.0,21.0,1453.0,16.1,16.0,5.0,1.0
Fred,0.26666666666666666,0.09000000000000001,0.20333333333333334,42.46666666666667,0.7666666666666666,1.8333333333333333,0.16666666666666666,0.10000000000000002,0.10000000000000002,15.066666666666668,36.0,26.0,1751.6666666666667,19.466666666666665,21.333333333333332,4.666666666666667,0.6666666666666666
Gabriel Barbosa,0.62,0.12,0.286,41.160000000000004,1.42,3.4,0.42000000000000004,0.18,0.22000000000000003,16.68,24.0,25.4,1872.8,20.8,21.6,3.8,0.8
Gabriel Carvalho,0.1,0.03,0.11,30.0,0.6,2.1,0.1,0.0,0.0,17.7,16.0,24.0,1301.0,14.5,15.0,9.0,12.0
Gabriel Chaves,0.3,0.12,0.33,36.4,0.8,2.3,0.3,0.0,0.0,17.8,21.0,37.0,2612.0,29.0,29.0,8.0,0.0
Gabriel Menino,0.1,0.03,0.14,24.1,0.6,2.4,0.1,0.0,0.0,23.2,23.0,27.0,1067.0,11.9,11.0,16.0,4.0
Gabriel Pereira,0.1,0.09,0.18,47.8,0.7,1.6,0.1,0.0,0.0,19.0,19.0,21.0,1326.0,14.7,17.0,4.0,6.0
Gabriel Pirani,0.2,0.07,0.21,33.3,0.7,2.1,0.2,0.0,0.0,22.1,18.0,32.0,1783.0,19.8,21.0,11.0,2.0
Gabriel Sara,0.2,0.08,0.33,25.0,0.6,2.4,0.2,0.0,0.0,22.5,20.0,33.0,2280.0,25.3,29.0,4.0,0.0
Gabriel Taliari,0.2,0.08,0.33,25.0,0.6,2.4,0.2,0.0,0.1,20.9,26.0,21.0,914.0,10.2,8.0,13.0,2.0
Gabriel Veron,0.3,0.25,0.6,41.7,0.6,1.3,0.3,0.0,0.0,15.4,21.0,27.0,1611.0,17.9,21.0,6.0,1.0
Ganso,0.15000000000000002,0.060000000000000005,0.24000000000000002,28.35,0.35,1.15,0.05,0.05,0.05,23.45,30.5,30.5,2360.5,26.2,29.5,1.0,0.5
Germán Cano,0.45,0.15,0.3175,46.875,1.3,2.825,0.45,0.0,0.025,17.075000000000003,33.25,32.25,2504.25,27.825,29.5,2.75,0.75
Gerson,0.1,0.08,0.23,33.3,0.5,1.4,0.1,0.0,0.0,19.5,26.0,32.0,2457.0,27.3,27.0,5.0,0.0
Geuvânio,0.0,0.0,0.0,37.0,0.9,2.4,0.0,0.0,0.0,22.9,26.0,25.0,1002.0,11.1,9.0,16.0,7.0
Gilberto,0.36,0.10600000000000001,0.306,34.9,1.02,2.96,0.27999999999999997,0.06000000000000001,0.08,16.740000000000002,31.4,29.0,1879.2,20.86,23.0,6.0,1.4
Giorgian De Arrascaeta,0.39999999999999997,0.17,0.4666666666666666,37.03333333333333,0.9333333333333332,2.533333333333333,0.39999999999999997,0.0,0.0,17.366666666666667,25.666666666666668,26.333333333333332,1954.0,21.733333333333334,23.333333333333332,3.0,1.0
Giovanni Augusto,0.3,0.17,0.5,33.3,0.6,1.7,0.3,0.0,0.0,21.2,30.0,20.0,1275.0,14.2,15.0,5.0,1.0
Giuliano de Paula,0.1,0.09,0.29,30.4,0.4,1.3,0.1,0.0,0.0,19.3,32.0,30.0,1633.0,18.1,19.0,11.0,6.0
Gonzalo Mastriani,0.5,0.15,0.395,36.15,1.15,3.2,0.45,0.05,0.05,14.1,29.5,22.5,1346.5,14.95,16.0,6.5,7.0
Guilherme,0.2,0.08,0.21,37.8,0.9,2.4,0.2,0.0,0.0,17.0,27.0,30.0,1414.0,15.7,16.0,14.0,4.0
Guilherme Bissoli,0.4,0.085,0.245,34.95,0.8,2.2,0.2,0.2,0.2,18.6,23.5,26.5,1726.5,19.15,20.0,6.5,2.0
Guilherme Parede,0.2,0.1,0.43,22.6,0.5,2.0,0.2,0.0,0.0,18.2,23.0,25.0,1368.0,15.2,14.0,11.0,13.0
Guilherme Tinga,0.0,0.0,0.0,21.4,0.1,0.7,0.0,0.0,0.0,17.8,26.0,28.0,1840.0,20.4,20.0,8.0,4.0
Gustavinho,0.1,0.07,0.2,35.7,0.5,1.3,0.1,0.0,0.0,24.4,19.0,27.0,954.0,10.6,11.0,16.0,9.0
Gustavo,0.25,0.065,0.22,30.4,0.9500000000000001,3.3,0.25,0.05,0.05,18.0,21.0,26.0,1327.0,14.75,15.0,11.0,6.5
Gustavo Campanharo,0.1,0.08,0.33,23.1,0.3,1.5,0.1,0.0,0.0,24.7,26.0,25.0,1599.0,17.8,20.0,5.0,7.0
Gustavo Ferrareis,0.2,0.09,0.3,29.4,0.5,1.8,0.2,0.0,0.0,19.6,24.0,26.0,1689.0,18.8,24.0,2.0,0.0
Gustavo Mosquito,0.2,0.125,0.42,30.675,0.47500000000000003,1.475,0.2,0.025,0.025,14.9,23.75,27.25,1420.5,15.8,16.0,11.25,3.25
Gustavo Nunes,0.2,0.17,0.43,38.9,0.5,1.3,0.2,0.0,0.0,19.0,18.0,20.0,1238.0,13.8,11.0,9.0,0.0
Gustavo Scarpa,0.17500000000000002,0.0325,0.0975,33.35,1.175,3.55,0.1,0.05,0.1,25.875,26.5,29.75,1785.75,19.85,20.25,9.5,3.75
Helinho,0.3,0.10500000000000001,0.2875,35.975,0.95,2.65,0.3,0.025,0.025,23.625,21.5,26.25,1570.0,17.45,19.25,7.0,0.75
Henrique Almeida,0.4,0.11,0.26,41.8,1.4,3.3,0.4,0.0,0.1,16.0,30.0,28.0,1497.0,16.6,21.0,7.0,7.0
Henry Mosquera,0.1,0.045000000000000005,0.185,27.25,0.6,2.2,0.1,0.0,0.0,18.85,21.5,27.5,1497.5,16.65,14.0,13.5,1.0
Hugo Rodallega,0.6,0.19,0.4,48.4,1.5,3.1,0.6,0.0,0.0,19.5,35.0,22.0,909.0,10.1,7.0,15.0,0.0
Hulk,0.525,0.1,0.32,32.25,1.125,3.55,0.35,0.17500000000000002,0.17500000000000002,24.6,35.5,29.5,2460.75,27.35,28.0,1.5,0.0
Héctor Bustamante,0.1,0.04,0.25,15.4,0.3,2.0,0.1,0.0,0.0,21.2,23.0,19.0,1168.0,13.0,14.0,5.0,1.0
Hércules,0.3,0.14,0.36,39.3,0.7,1.8,0.3,0.0,0.0,24.3,21.0,28.0,1367.0,15.2,12.0,16.0,3.0
Igor Coronado,0.1,0.03,0.13,22.2,0.5,2.4,0.1,0.0,0.0,26.8,31.0,30.0,1378.0,15.3,11.0,19.0,2.0
Igor Gomes,0.10000000000000002,0.09000000000000001,0.2866666666666667,32.46666666666666,0.43333333333333335,1.4000000000000001,0.10000000000000002,0.0,0.0,20.0,20.666666666666668,31.0,1707.0,19.0,19.0,12.0,5.666666666666667
Igor Jesus,0.3,0.09,0.22,39.7,1.4,3.6,0.3,0.0,0.0,12.3,22.0,22.0,1454.0,16.2,16.0,6.0,0.0
Igor Paixão,0.2,0.09,0.33,25.5,0.7,2.7,0.2,0.0,0.0,19.8,21.0,18.0,1552.0,17.2,17.0,1.0,0.0
Igor Vinícius de Souza,0.05,0.045,0.25,29.1,0.2,0.7,0.05,0.0,0.0,20.05,23.5,22.5,1419.0,15.75,14.5,8.0,7.5
Isaque,0.2,0.06,0.2,29.4,0.8,2.9,0.2,0.0,0.0,14.9,22.0,24.0,1072.0,11.9,11.0,13.0,9.0
Isidro Pitta,0.2,0.065,0.21500000000000002,31.799999999999997,0.7,2.3,0.15000000000000002,0.05,0.05,17.85,23.0,33.5,2622.0,29.15,30.0,3.5,0.5
Jamerson,0.0,0.0,0.0,35.3,0.3,0.8,0.0,0.0,0.0,27.7,24.0,29.0,1893.0,21.0,22.0,7.0,6.0
Janderson,0.1625,0.08625,0.28750000000000003,28.8625,0.5875,1.9875,0.1625,0.0,0.0,18.8625,21.0,27.75,1635.5,18.150000000000002,17.625,10.125,1.75
Jean Carlos Vicente,0.3,0.14,0.44,32.1,0.8,2.4,0.3,0.0,0.0,27.0,31.0,22.0,1031.0,11.5,13.0,9.0,4.0
Jean Mota,0.1,0.0,0.0,33.3,0.7,2.1,0.0,0.1,0.1,24.3,25.0,27.0,1272.0,14.1,13.0,14.0,10.0
Jean Pyerre,0.0,0.0,0.0,29.2,0.6,2.2,0.0,0.0,0.0,25.9,22.0,24.0,981.0,10.9,9.0,15.0,8.0
Jefferson Savarino,0.3666666666666667,0.13,0.41,34.46666666666667,0.9333333333333332,2.6333333333333333,0.3666666666666667,0.0,0.0,19.666666666666668,24.666666666666668,26.0,1811.6666666666667,20.133333333333333,20.333333333333332,5.666666666666667,0.3333333333333333
Jeffinho,0.1,0.04,0.1,38.2,1.2,3.1,0.1,0.0,0.0,20.0,22.0,24.0,1604.0,17.8,18.0,6.0,2.0
Jenison,0.2,0.11,0.4,28.6,0.5,1.8,0.2,0.0,0.0,14.3,29.0,30.0,1727.0,19.2,22.0,8.0,2.0
Jhon Arias,0.22499999999999998,0.11,0.3175,35.95,0.65,1.725,0.2,0.025,0.05,18.775000000000002,24.5,27.0,2082.25,23.15,23.0,4.0,0.75
Jhonatan Jowjow,0.2,0.16,0.3,52.6,0.8,1.5,0.2,0.0,0.0,18.4,21.0,18.0,1157.0,12.9,16.0,2.0,3.0
John Kennedy,0.4,0.12,0.27,43.1,1.4,3.3,0.4,0.0,0.0,16.1,20.0,26.0,1372.0,15.2,13.0,13.0,3.0
Jonas,0.3,0.14,0.43,31.8,0.7,2.1,0.3,0.0,0.0,19.5,19.0,17.0,947.0,10.5,11.0,6.0,4.0
Jonathan Cafu,0.10000000000000002,0.10666666666666667,0.21333333333333335,43.13333333333333,0.3666666666666667,0.7666666666666666,0.06666666666666667,0.03333333333333333,0.03333333333333333,16.400000000000002,30.666666666666668,29.666666666666668,1476.6666666666667,16.433333333333334,17.0,12.666666666666666,5.0
Jonathan Calleri,0.4666666666666666,0.15,0.3933333333333333,38.166666666666664,1.0333333333333334,2.6333333333333333,0.39999999999999997,0.03333333333333333,0.06666666666666667,12.533333333333333,29.0,27.333333333333332,2071.6666666666665,23.0,23.0,4.333333333333333,0.6666666666666666
Jonathan David Gómez,0.15000000000000002,0.045,0.23,22.85,0.5,2.0,0.1,0.05,0.05,24.5,29.5,25.0,1571.0,17.45,18.5,6.5,2.0
Jonathan Júnior,0.2,0.1,0.33,30.0,0.7,2.3,0.2,0.0,0.0,17.0,19.0,16.0,1172.0,13.0,13.0,3.0,0.0
José Luis Rodríguez Bebanz,0.1,0.05,0.25,18.2,0.3,1.8,0.1,0.0,0.0,23.0,26.0,22.0,1123.0,12.5,12.0,10.0,13.0
José López,0.4,0.13,0.33,39.5,1.3,3.2,0.4,0.0,0.0,15.2,23.0,35.0,2140.0,23.8,24.0,11.0,1.0
João Magno,0.3,0.12,0.38,32.0,0.7,2.3,0.3,0.0,0.0,14.8,25.0,19.0,983.0,10.9,13.0,6.0,1.0
João Paulo Alves,0.2,0.060000000000000005,0.265,23.5,0.4,1.7999999999999998,0.1,0.05,0.05,22.95,29.0,27.0,2036.0,22.65,22.0,5.0,2.5
João Pedro,0.2,0.07,0.19,36.8,1.1,3.0,0.2,0.0,0.0,14.2,17.0,25.0,1694.0,18.8,18.0,7.0,3.0
Juan Cazares,0.3,0.08,0.25,32.3,1.0,3.2,0.3,0.1,0.1,23.5,26.0,26.0,1750.0,19.4,22.0,4.0,2.0
Juan Martín Lucero,0.35,0.125,0.31,40.2,0.8,2.05,0.25,0.1,0.1,17.25,31.5,31.5,2157.5,24.0,24.5,7.0,1.0
Juan Santos,0.1,0.06,0.13,44.4,0.6,1.3,0.1,0.0,0.0,13.2,20.0,27.0,1279.0,14.2,13.0,14.0,11.0
Julimar,0.3,0.08,0.23,36.6,1.4,3.8,0.3,0.0,0.0,17.3,23.0,31.0,1665.0,18.5,17.0,14.0,1.0
Julián Palacios,0.1,0.03,0.1,31.3,0.6,1.8,0.1,0.0,0.0,25.3,23.0,27.0,1632.0,18.1,19.0,8.0,2.0
Juninho Capixaba,0.0,0.0,0.0,30.4,0.3,1.1,0.0,0.0,0.0,19.9,23.0,26.0,1887.0,21.0,21.0,5.0,9.0
Jô,0.3,0.14,0.3233333333333333,44.86666666666667,0.8333333333333334,1.8666666666666665,0.3,0.0,0.03333333333333333,12.200000000000001,33.0,25.666666666666668,1745.6666666666667,19.433333333333334,19.333333333333332,6.333333333333333,1.6666666666666667
Júnior Santos,0.19999999999999998,0.08,0.24,32.166666666666664,0.8333333333333334,2.533333333333333,0.19999999999999998,0.0,0.0,17.03333333333333,28.0,25.333333333333332,1571.6666666666667,17.466666666666665,20.0,5.333333333333333,1.0
Kaio Jorge,0.2,0.09,0.4,29.45,0.75,2.2,0.2,0.0,0.05,15.25,20.0,22.0,1528.0,16.95,18.0,4.0,1.0
Kauã Elias,0.4,0.13,0.29,45.7,1.3,2.8,0.4,0.0,0.0,17.1,17.0,30.0,1465.0,16.3,16.0,14.0,6.0
Kayke Rodrigues,0.4,0.08,0.36,22.4,0.7,3.0,0.2,0.1,0.1,21.0,30.0,19.0,1488.0,16.5,18.0,1.0,0.0
Kelvyn,0.1,0.08,0.17,46.2,0.5,1.2,0.1,0.0,0.0,18.0,21.0,22.0,1013.0,11.3,10.0,12.0,16.0
Keno,0.22000000000000003,0.062,0.20400000000000001,32.82,0.8800000000000001,2.66,0.18,0.04,0.06000000000000001,19.5,32.0,27.4,1768.8,19.64,20.2,7.2,0.8
Kieza,0.1,0.04,0.09,45.8,0.8,1.8,0.1,0.0,0.0,14.0,32.0,24.0,1172.0,13.0,10.0,14.0,12.0
Lautaro Díaz,0.1,0.06,0.14,38.9,0.7,1.7,0.1,0.0,0.0,14.9,25.0,18.0,959.0,10.7,11.0,7.0,0.0
Leandro Barcia,0.25,0.14,0.33,42.0,0.6499999999999999,1.5499999999999998,0.25,0.0,0.0,12.35,26.5,25.5,1904.0,21.15,21.0,4.5,0.5
Leandro Carvalho,0.2,0.08,0.19,40.0,1.1,2.8,0.2,0.0,0.0,23.4,23.0,26.0,1281.0,14.2,15.0,11.0,7.0
Leandro Emmanuel Martínez,0.1,0.1,0.5,20.0,0.2,0.9,0.1,0.0,0.0,18.7,29.0,20.0,1011.0,11.2,11.0,9.0,7.0
Lelê,0.2,0.05,0.13,37.2,1.3,3.4,0.2,0.0,0.0,12.9,25.0,29.0,1144.0,12.7,8.0,21.0,7.0
Leo Augusto Pereira,0.1,0.05,0.2,22.7,0.4,1.7,0.1,0.0,0.0,18.4,21.0,30.0,1134.0,12.6,6.0,24.0,3.0
Leonardo Valencia,0.1,0.04,0.17,22.2,0.6,2.6,0.1,0.0,0.0,25.2,27.0,21.0,949.0,10.5,9.0,12.0,13.0
Lima,0.16666666666666666,0.09666666666666668,0.23500000000000001,38.78333333333333,0.7000000000000001,1.8333333333333333,0.15,0.03333333333333333,0.03333333333333333,20.766666666666666,24.5,29.166666666666668,1871.8333333333333,20.783333333333335,21.5,7.666666666666667,2.3333333333333335
Lincoln,0.2,0.08,0.29,26.9,0.4,1.5,0.1,0.1,0.1,24.2,25.0,28.0,1552.0,17.2,19.0,9.0,6.0
Lourenço,0.0,0.03,0.08,36.1,0.6,1.5,0.0,0.0,0.0,27.0,21.0,27.0,2110.0,23.4,25.0,2.0,6.0
Luan,0.2,0.08,0.4,20.4,0.4,2.1,0.2,0.0,0.0,21.2,28.0,28.0,2085.0,23.2,24.0,4.0,5.0
Luan Vieira,0.2,0.08,0.22,36.0,0.7,2.0,0.2,0.0,0.0,20.7,26.0,22.0,1103.0,12.3,11.0,11.0,10.0
Lucas Barbosa,0.3,0.1,0.29,34.3,0.9,2.6,0.3,0.0,0.0,19.3,22.0,33.0,2443.0,27.1,32.0,1.0,0.0
Lucas Braga,0.07500000000000001,0.07250000000000001,0.17,33.55,0.4,1.075,0.07500000000000001,0.0,0.0,17.025,24.5,30.5,2109.75,23.425,22.75,7.75,1.25
Lucas Fernandes,0.1,0.06,0.11,50.0,0.8,1.6,0.1,0.0,0.0,27.1,26.0,21.0,1039.0,11.5,11.0,10.0,5.0
Lucas Lima,0.0,0.02666666666666667,0.15,26.366666666666664,0.2333333333333333,0.9333333333333335,0.0,0.0,0.0,21.933333333333334,30.666666666666668,29.666666666666668,1755.6666666666667,19.5,21.333333333333332,8.333333333333334,4.666666666666667
Lucas Moura,0.4,0.2,0.44,43.9,0.7,1.6,0.3,0.1,0.1,17.3,31.0,28.0,2246.0,25.0,26.0,2.0,0.0
Lucas Mugni,0.05,0.03,0.165,23.1,0.2,0.9,0.05,0.0,0.0,20.0,28.5,21.5,1569.0,17.450000000000003,18.0,3.5,2.0
Lucas Piton,0.05,0.065,0.25,17.5,0.1,0.55,0.05,0.0,0.0,20.65,20.0,24.0,1549.0,17.25,17.5,6.5,9.0
Lucca,0.3,0.18,0.38,47.1,0.7,1.6,0.3,0.0,0.0,15.8,29.0,18.0,972.0,10.8,11.0,7.0,2.0
Luciano,0.4166666666666667,0.14166666666666666,0.34500000000000003,40.76666666666667,1.0333333333333334,2.6,0.3666666666666667,0.05000000000000001,0.10000000000000002,17.766666666666666,27.5,29.166666666666668,2038.5,22.650000000000002,24.333333333333332,4.833333333333333,1.6666666666666667
Luciano Rodríguez,0.6,0.14,0.31,43.2,1.6,3.7,0.5,0.1,0.1,17.2,20.0,19.0,900.0,10.0,8.0,11.0,0.0
Luis Henrique,0.3,0.15,0.31,48.1,0.8,1.8,0.3,0.0,0.0,20.2,21.0,34.0,1381.0,15.3,13.0,21.0,2.0
Luis Suárez,0.5,0.13,0.3,42.9,1.7,3.9,0.5,0.0,0.1,17.5,36.0,33.0,2877.0,32.0,33.0,0.0,0.0
Luiz Adriano,0.3666666666666667,0.19000000000000003,0.3633333333333333,49.333333333333336,0.9,1.8666666666666665,0.3333333333333333,0.03333333333333333,0.06666666666666667,13.566666666666668,33.333333333333336,24.0,1268.0,14.100000000000001,16.0,8.0,5.0
Luiz Araújo,0.2,0.08,0.24,32.1,1.0,3.0,0.2,0.0,0.0,20.9,27.0,25.0,1566.0,17.4,15.0,10.0,0.0
Luiz Fernando,0.15,0.07,0.21,32.05,0.65,2.025,0.15,0.0,0.0,17.475,24.25,29.25,1888.25,21.0,22.75,6.5,1.5
Luiz Henrique,0.2,0.1,0.355,28.85,0.6000000000000001,2.05,0.2,0.0,0.0,18.6,20.75,27.0,1670.25,18.55,20.5,6.5,1.0
Léo Baptistão,0.4,0.13,0.42,31.6,0.9,3.0,0.4,0.0,0.0,15.9,29.0,17.0,1137.0,12.6,16.0,1.0,0.0
Léo Chú,0.2,0.15,0.5,30.0,0.4,1.3,0.2,0.0,0.0,16.8,19.0,22.0,1401.0,15.6,20.0,2.0,1.0
Léo Gamalho,0.4,0.17,0.4,42.9,0.8,1.9,0.3,0.1,0.1,12.7,36.0,28.0,1658.0,18.4,17.0,11.0,2.0
Léo Natel,0.3,0.11,0.29,36.8,1.0,2.6,0.3,0.0,0.0,21.5,22.0,31.0,1316.0,14.6,14.0,17.0,3.0
Marcelinho,0.2,0.06,0.17,37.5,1.1,2.9,0.2,0.0,0.0,20.0,21.0,25.0,1002.0,11.1,9.0,16.0,5.0
Marcelo Cirino,0.4,0.17,0.53,31.3,0.7,2.3,0.4,0.0,0.1,15.6,27.0,30.0,1877.0,20.9,19.0,11.0,0.0
Marco Ruben,0.2,0.09,0.25,35.6,0.9,2.4,0.2,0.0,0.0,11.7,32.0,23.0,1671.0,18.6,19.0,4.0,4.0
Marcos Guilherme,0.1,0.075,0.165,40.25,0.4,0.9500000000000001,0.1,0.0,0.0,18.25,24.5,31.0,1978.5,21.95,24.0,7.0,4.0
Marcos Leonardo,0.45,0.125,0.355,34.4,0.9,2.6500000000000004,0.3,0.1,0.1,16.5,18.5,33.0,2735.5,30.4,32.0,1.0,0.0
Marcos Paulo,0.25,0.11499999999999999,0.435,26.6,0.55,2.05,0.25,0.0,0.0,15.2,17.5,24.0,1300.5,14.45,15.0,9.0,6.0
Marcos Vinicios Sorriso,0.13333333333333333,0.06,0.15333333333333332,39.233333333333334,0.9,2.3000000000000003,0.13333333333333333,0.0,0.0,17.966666666666665,20.0,30.0,1524.3333333333333,16.933333333333334,15.333333333333334,14.666666666666666,6.666666666666667
Marinho,0.3333333333333333,0.08333333333333333,0.2416666666666667,33.06666666666667,1.0666666666666667,3.25,0.2833333333333334,0.08333333333333333,0.11666666666666665,22.400000000000002,30.5,26.0,1676.5,18.616666666666667,19.166666666666668,6.833333333333333,2.8333333333333335
Marquinhos,0.05,0.065,0.3,26.450000000000003,0.4,1.5,0.05,0.0,0.0,21.45,21.5,26.0,1689.5,18.75,22.0,4.0,4.0
Marquinhos Gabriel,0.0,0.0,0.0,17.9,0.3,1.4,0.0,0.0,0.0,20.3,28.0,28.0,1799.0,20.0,20.0,8.0,4.0
Marrony,0.25,0.08,0.20500000000000002,37.45,1.15,2.9,0.2,0.05,0.05,14.5,19.5,33.0,1838.0,20.4,19.5,13.5,3.0
Martin Braithwaite,0.5,0.21,0.53,38.5,0.9,2.4,0.5,0.0,0.0,12.5,32.0,18.0,1462.0,16.2,18.0,0.0,0.0
Martín Benítez,0.15000000000000002,0.07500000000000001,0.25,31.75,0.65,2.2,0.15000000000000002,0.0,0.0,25.0,26.5,22.0,1421.0,15.75,17.5,4.5,3.0
Mateus Gonçalves Martins,0.4,0.19,0.67,28.6,0.6,2.0,0.4,0.0,0.0,18.2,24.0,24.0,931.0,10.3,8.0,16.0,9.0
Mateus Vital,0.2,0.095,0.195,44.5,0.95,2.15,0.2,0.0,0.0,20.65,20.5,28.0,1592.5,17.7,17.5,10.5,6.5
Matheus Babi,0.4,0.19,0.47,40.4,0.8,1.9,0.4,0.0,0.0,15.5,22.0,34.0,2219.0,24.7,21.0,13.0,1.0
Matheus Bueno,0.0,0.0,0.0,27.3,0.2,0.8,0.0,0.0,0.0,26.3,21.0,27.0,1316.0,14.6,16.0,11.0,8.0
Matheus Henrique,0.1,0.1,0.33,30.0,0.4,1.5,0.1,0.0,0.0,22.1,26.0,17.0,1219.0,13.5,13.0,4.0,0.0
Matheus Martins,0.2,0.06,0.25,25.0,0.7,2.7,0.2,0.0,0.0,17.9,18.0,30.0,1604.0,17.8,17.0,13.0,1.0
Matheus Peixoto,0.7,0.23,0.83,27.3,0.6,2.1,0.5,0.2,0.2,20.2,25.0,12.0,948.0,10.5,11.0,1.0,1.0
Matheus Pereira,0.2,0.08499999999999999,0.245,37.45,0.7,1.9,0.2,0.0,0.0,21.3,26.5,24.5,1922.5,21.4,21.5,3.0,0.0
Matheus de Vargas,0.1,0.04,0.17,23.1,0.4,1.7,0.1,0.0,0.0,24.1,23.0,29.0,1391.0,15.5,13.0,16.0,4.0
Matheusinho,0.15000000000000002,0.085,0.21500000000000002,39.65,0.75,1.85,0.15000000000000002,0.0,0.0,20.4,24.5,30.5,1922.0,21.35,22.5,8.0,0.0
Mauricio,0.2333333333333333,0.10666666666666667,0.36333333333333334,30.366666666666664,0.7000000000000001,2.2666666666666666,0.2333333333333333,0.0,0.0,19.53333333333333,20.0,29.333333333333332,1584.0,17.599999999999998,18.666666666666668,10.666666666666666,1.6666666666666667
Mauro Boselli,0.5,0.22,0.4,55.6,1.0,1.8,0.4,0.1,0.1,12.9,33.0,22.0,1354.0,15.0,16.0,6.0,12.0
Mauro Zárate,0.1,0.03,0.17,20.0,0.5,2.5,0.1,0.0,0.0,24.5,33.0,16.0,1070.0,11.9,14.0,2.0,0.0
Max,0.1,0.03,0.17,19.4,0.5,2.6,0.1,0.0,0.0,25.3,19.0,21.0,1053.0,11.7,13.0,8.0,5.0
Mayke,0.1,0.215,0.44,52.5,0.3,0.44999999999999996,0.1,0.0,0.0,16.25,29.5,30.5,1982.0,22.05,21.5,9.0,2.5
Michael,0.44999999999999996,0.155,0.39,39.7,1.05,2.65,0.44999999999999996,0.0,0.0,18.75,23.0,35.0,2609.0,29.0,29.0,6.0,0.0
Michel Araujo,0.05,0.04,0.135,28.4,0.55,1.9,0.05,0.0,0.0,19.4,24.5,30.5,1812.5,20.1,21.0,9.5,0.5
Miguel Borja,0.4,0.07,0.25,26.1,1.0,3.9,0.3,0.2,0.3,16.3,28.0,18.0,1049.0,11.7,11.0,7.0,0.0
Miguel Figueira,0.1,0.06,0.2,27.8,0.5,1.7,0.1,0.0,0.0,26.3,19.0,23.0,933.0,10.4,11.0,12.0,4.0
Miguel Monsalve,0.3,0.17,0.6,27.8,0.5,1.7,0.3,0.0,0.0,16.1,19.0,19.0,978.0,10.9,10.0,9.0,3.0
Mikael,0.4,0.09,0.27,32.9,1.2,3.6,0.3,0.0,0.0,18.4,21.0,33.0,1951.0,21.7,24.0,9.0,0.0
Mike,0.2,0.13,0.33,40.0,0.5,1.3,0.2,0.0,0.1,18.9,27.0,30.0,2027.0,22.5,26.0,4.0,2.0
Moises,0.4,0.16999999999999998,0.43000000000000005,39.25,0.95,2.4,0.4,0.0,0.0,17.7,26.0,31.5,1710.5,19.0,20.0,11.5,2.0
Muriqui,0.3,0.11,0.67,16.7,0.2,1.3,0.1,0.1,0.1,16.1,35.0,26.0,1289.0,14.3,18.0,8.0,4.0
Natanael,0.05,0.03,0.165,22.95,0.30000000000000004,1.35,0.05,0.0,0.0,24.049999999999997,30.5,17.5,1373.5,15.25,15.5,2.0,2.5
Nathan,0.2,0.075,0.215,34.05,0.95,2.9,0.2,0.0,0.0,21.799999999999997,24.0,25.5,1092.0,12.1,10.5,15.0,6.0
Nenê,0.2333333333333333,0.09000000000000001,0.2733333333333334,32.96666666666667,0.5333333333333333,1.7666666666666666,0.16666666666666666,0.10000000000000002,0.10000000000000002,23.833333333333332,39.0,28.0,1781.6666666666667,19.766666666666666,22.0,6.0,2.3333333333333335
Neílton,0.1,0.04,0.1,35.7,0.6,1.7,0.1,0.0,0.0,22.7,25.0,24.0,1458.0,16.2,16.0,8.0,4.0
Nicolas,0.5,0.19,0.56,33.3,0.8,2.4,0.5,0.0,0.0,15.0,32.0,29.0,995.0,11.1,6.0,23.0,2.0
Nicolás López,0.1,0.02,0.06,31.0,1.0,3.3,0.1,0.0,0.0,20.7,25.0,25.0,1586.0,17.6,19.0,6.0,5.0
Nikão,0.2,0.075,0.21,35.25,0.875,2.55,0.175,0.025,0.025,22.1,28.0,25.5,1867.75,20.75,21.25,4.25,1.25
Osvaldo,0.20000000000000004,0.08333333333333333,0.21,42.36666666666667,0.7000000000000001,1.7333333333333334,0.16666666666666666,0.03333333333333333,0.03333333333333333,20.633333333333333,33.0,29.0,1587.3333333333333,17.633333333333333,21.333333333333332,7.666666666666667,1.6666666666666667
Pablo,0.26,0.1,0.306,32.5,0.8,2.46,0.26,0.0,0.0,15.88,28.6,24.4,1411.4,15.680000000000001,15.6,8.8,1.2
Pablo Vegetti,0.45,0.11,0.32,34.95,1.25,3.45,0.4,0.05,0.1,12.6,34.5,28.0,2389.0,26.55,27.0,1.0,0.0
Paolo Guerrero,0.4,0.13,0.31,40.0,1.4,3.6,0.4,0.0,0.0,15.9,35.0,24.0,2010.0,22.3,23.0,1.0,1.0
Patrick,0.15000000000000002,0.12000000000000001,0.475,25.3,0.35000000000000003,1.35,0.15000000000000002,0.0,0.0,13.725,27.5,30.5,2198.0,24.4,27.0,3.5,1.5
Paulinho,0.5,0.20500000000000002,0.42,49.7,1.1,2.1500000000000004,0.44999999999999996,0.0,0.0,14.45,22.5,31.0,2491.0,27.650000000000002,28.5,2.5,0.0
Paulinho Bóia,0.2,0.06,0.15,40.6,0.9,2.2,0.1,0.1,0.1,23.9,22.0,20.0,1330.0,14.8,17.0,3.0,0.0
Paulinho Moccelin,0.2,0.13,0.43,29.2,0.4,1.2,0.2,0.0,0.0,21.4,26.0,34.0,1741.0,19.3,17.0,17.0,0.0
Pedrinho,0.4,0.12,0.29,42.4,1.3,3.1,0.4,0.0,0.0,20.1,22.0,19.0,968.0,10.8,9.0,10.0,0.0
Pedro,0.6,0.18,0.37,49.160000000000004,1.46,3.02,0.54,0.08,0.13999999999999999,14.6,24.0,27.4,1596.6,17.74,17.4,10.0,1.6
Pedro Henrique,0.2,0.0525,0.1725,24.375,0.6000000000000001,2.175,0.125,0.07500000000000001,0.07500000000000001,19.4,28.5,26.25,1380.25,15.325,14.25,12.0,4.75
Pedro Perotti,0.3,0.11,0.6,18.5,0.5,2.4,0.3,0.0,0.0,12.9,23.0,26.0,994.0,11.0,7.0,19.0,1.0
Pedro Raul,0.5,0.125,0.305,40.3,1.3,3.2,0.4,0.1,0.1,14.95,24.0,29.5,2243.5,24.95,26.0,3.5,0.0
Pedro Rocha Neves,0.2333333333333333,0.09333333333333334,0.3233333333333333,31.5,0.7000000000000001,2.1,0.19999999999999998,0.03333333333333333,0.03333333333333333,20.233333333333334,25.666666666666668,20.666666666666668,1224.0,13.566666666666668,13.0,7.666666666666667,2.3333333333333335
Pepê,0.35,0.165,0.47,35.15,0.7,2.05,0.35,0.05,0.05,18.5,21.5,31.5,2058.5,22.85,20.5,11.0,3.0
Rafael Borré,0.4,0.16,0.36,43.9,1.2,2.7,0.4,0.0,0.0,11.1,28.0,23.0,1870.0,20.8,23.0,0.0,0.0
Rafael Galhardo,0.2,0.08,0.33,25.0,0.2,0.9,0.1,0.1,0.1,29.3,27.0,16.0,1173.0,13.0,15.0,1.0,14.0
Rafael Gava,0.1,0.06,0.22,25.0,0.5,1.9,0.1,0.0,0.0,21.1,27.0,31.0,1704.0,18.9,20.0,11.0,3.0
Rafael Moura,0.45,0.135,0.54,25.35,0.6499999999999999,2.5,0.35,0.1,0.1,15.35,35.5,27.0,1884.0,20.9,21.0,6.0,1.0
Rafael Sóbis,0.2,0.02,0.06,34.8,1.4,3.9,0.1,0.1,0.1,25.7,33.0,20.0,1062.0,11.8,12.0,8.0,8.0
Ramiro Benetti,0.0,0.03,0.09,35.5,0.5,1.5,0.0,0.0,0.0,20.4,26.0,31.0,1803.0,20.0,20.0,11.0,2.0
Raphael Veiga,0.4,0.1,0.23,44.1,1.2,2.7,0.3,0.1,0.1,23.2,25.0,31.0,2303.0,25.6,29.0,2.0,2.0
Raí Nascimento,0.2,0.13,0.25,52.2,1.0,1.9,0.2,0.0,0.0,19.8,22.0,15.0,1098.0,12.2,15.0,0.0,0.0
Reinaldo,0.15000000000000002,0.045,0.25,29.549999999999997,0.25,1.1,0.05,0.1,0.1,22.85,31.5,29.0,1901.0,21.15,23.0,6.0,4.5
Renato Augusto,0.2,0.11,0.31,35.1,0.8,2.2,0.2,0.0,0.0,21.1,32.0,21.0,1483.0,16.5,16.0,5.0,1.0
Renato Kayser,0.43333333333333335,0.16333333333333333,0.4633333333333334,35.166666666666664,0.8666666666666667,2.5,0.4000000000000001,0.03333333333333333,0.03333333333333333,14.766666666666666,24.666666666666668,29.666666666666668,1656.3333333333333,18.400000000000002,18.666666666666668,11.0,3.0
Rhuan,0.0,0.0,0.0,20.0,0.4,1.8,0.0,0.0,0.0,20.2,20.0,23.0,975.0,10.8,11.0,12.0,4.0
Ribamar,0.2,0.07,0.21000000000000002,33.75,1.0,2.95,0.2,0.0,0.05,13.5,22.0,20.5,1092.0,12.15,13.0,7.5,7.5
Ricardo Bueno,0.35,0.135,0.35,39.25,0.9,2.3,0.3,0.05,0.1,16.65,32.0,24.0,1761.5,19.6,20.0,4.0,1.5
Ricardo Oliveira,0.2,0.08,0.255,31.2,0.75,2.25,0.2,0.0,0.05,15.85,38.5,19.5,1060.5,11.8,12.5,7.0,7.5
Rick,0.5,0.21,0.55,39.3,0.9,2.2,0.5,0.0,0.0,16.9,21.0,28.0,1146.0,12.7,11.0,17.0,6.0
Robinho,0.0,0.03,0.14,21.9,0.3,1.5,0.0,0.0,0.0,21.0,31.0,27.0,1872.0,20.8,22.0,5.0,4.0
Robson,0.35,0.11750000000000001,0.33499999999999996,35.325,0.825,2.4,0.275,0.075,0.1,19.125,29.5,31.75,2108.0,23.4,25.5,6.25,0.75
Rodolfo,0.1,0.03,0.09,29.7,0.7,2.5,0.1,0.0,0.0,15.8,28.0,31.0,1337.0,14.9,12.0,19.0,3.0
Rodrigo Garro,0.3,0.14,0.3,46.2,0.9,2.0,0.3,0.0,0.0,23.7,26.0,36.0,2995.0,33.3,35.0,1.0,0.0
Rodrigo Nestor,0.05,0.015,0.04,40.7,0.7,1.9000000000000001,0.05,0.0,0.0,22.549999999999997,22.5,25.0,1217.5,13.5,13.5,11.5,5.0
Rodrigo Pimpão,0.0,0.0,0.0,29.4,0.4,1.5,0.0,0.0,0.0,20.3,31.0,19.0,1008.0,11.2,11.0,8.0,1.0
Rodriguinho Marinho,0.26666666666666666,0.08333333333333333,0.26333333333333336,31.53333333333333,0.8000000000000002,2.533333333333333,0.19999999999999998,0.03333333333333333,0.10000000000000002,19.099999999999998,32.0,30.333333333333332,1608.6666666666667,17.866666666666667,19.333333333333332,11.0,2.6666666666666665
Roger Guedes,0.43333333333333335,0.11,0.29333333333333333,37.93333333333334,1.1,2.9,0.3,0.06666666666666667,0.06666666666666667,18.333333333333332,25.0,23.333333333333332,1859.3333333333333,20.666666666666668,22.333333333333332,1.0,0.3333333333333333
Romarinho,0.1,0.0625,0.23249999999999998,32.15,0.475,1.65,0.1,0.0,0.0,21.125,25.5,30.75,1812.75,20.15,21.5,9.25,4.0
Ronald,0.0,0.0,0.0,16.099999999999998,0.16666666666666666,1.0,0.0,0.0,0.0,19.766666666666666,21.666666666666668,24.333333333333332,1252.3333333333333,13.933333333333332,14.666666666666666,9.666666666666666,9.0
Rony,0.2833333333333333,0.09666666666666668,0.28833333333333333,33.86666666666667,1.0333333333333334,2.983333333333333,0.2833333333333333,0.0,0.0,15.700000000000001,25.5,29.333333333333332,1852.0,20.566666666666666,21.166666666666668,8.166666666666666,1.8333333333333333
Rossi,0.13333333333333333,0.07,0.16666666666666666,41.166666666666664,0.6666666666666666,1.6666666666666667,0.10000000000000002,0.0,0.03333333333333333,17.833333333333332,26.0,29.0,1963.0,21.8,22.0,7.0,0.3333333333333333
Rubens,0.1,0.05,0.33,15.8,0.2,1.4,0.1,0.0,0.0,17.6,22.0,19.0,1194.0,13.3,15.0,4.0,1.0
Rómulo Otero,0.15000000000000002,0.04,0.12,36.849999999999994,1.35,3.85,0.15000000000000002,0.0,0.0,27.15,26.5,22.0,1399.5,15.55,16.0,6.0,2.0
Rômulo,0.1,0.05,0.14,31.8,0.5,1.7,0.1,0.0,0.0,16.7,19.0,26.0,1194.0,13.3,10.0,16.0,7.0
Salomon Kalou,0.1,0.04,0.13,29.6,0.7,2.2,0.1,0.0,0.0,13.5,34.0,25.0,1097.0,12.2,11.0,14.0,3.0
Sassá,0.3,0.09,0.25,37.5,1.2,3.1,0.3,0.0,0.0,18.2,25.0,24.0,922.0,10.2,9.0,15.0,11.0
Shaylon,0.15000000000000002,0.060000000000000005,0.17500000000000002,30.0,0.6,2.05,0.1,0.0,0.05,22.5,25.0,31.5,1760.5,19.55,20.0,11.5,3.0
Silvio Romero,0.2,0.06,0.18,34.4,0.9,2.5,0.2,0.0,0.1,15.0,33.0,30.0,1158.0,12.9,13.0,17.0,7.0
Stiven Mendoza,0.2333333333333333,0.07666666666666667,0.23666666666666666,31.266666666666666,0.7999999999999999,2.533333333333333,0.16666666666666666,0.03333333333333333,0.06666666666666667,18.333333333333332,29.0,27.666666666666668,2001.3333333333333,22.233333333333334,23.666666666666668,4.0,1.0
Taison,0.2,0.12,0.27,44.1,0.8,1.8,0.2,0.0,0.0,21.4,33.0,22.0,1668.0,18.5,22.0,0.0,1.0
Talles Magno,0.15000000000000002,0.08,0.26,29.5,0.55,1.95,0.15000000000000002,0.0,0.0,17.8,16.5,24.5,1688.0,18.75,21.0,3.5,0.5
Tchê Tchê,0.0,0.0,0.0,31.3,0.3,0.9,0.0,0.0,0.0,24.5,31.0,28.0,1570.0,17.4,16.0,12.0,6.0
Thaciano,0.19999999999999998,0.09333333333333334,0.2966666666666667,33.36666666666667,0.6,1.8666666666666665,0.16666666666666666,0.03333333333333333,0.03333333333333333,16.366666666666667,26.0,30.666666666666668,2184.3333333333335,24.26666666666667,26.666666666666668,4.0,2.6666666666666665
Thiago Almada,0.1,0.03,0.1,25.6,0.7,2.8,0.1,0.0,0.1,22.7,22.0,17.0,1252.0,13.9,16.0,1.0,0.0
Thiago Borbas,0.4,0.135,0.285,47.349999999999994,1.2000000000000002,2.65,0.4,0.0,0.0,14.3,20.5,27.0,1192.0,13.25,9.5,17.5,1.5
Thiago Galhardo,0.47500000000000003,0.13,0.3075,40.925,1.15,2.775,0.35000000000000003,0.125,0.15,16.0,31.0,28.75,1936.25,21.525,21.5,7.25,0.0
Thiago Neves,0.3,0.12,0.38,31.0,0.6,1.8,0.2,0.0,0.0,24.0,34.0,25.0,2054.0,22.8,24.0,1.0,0.0
Thonny Anderson,0.2,0.08,0.2,39.5,1.0,2.5,0.2,0.0,0.0,17.0,21.0,23.0,1372.0,15.2,16.0,7.0,8.0
Tiquinho Soares,0.43333333333333335,0.11666666666666665,0.3433333333333333,34.199999999999996,1.0,2.8666666666666667,0.3333333333333333,0.13333333333333333,0.16666666666666666,16.833333333333332,32.0,25.0,1673.6666666666667,18.599999999999998,19.0,6.0,0.3333333333333333
Tomas Pochettino,0.2,0.095,0.33,32.85,0.7,2.0999999999999996,0.2,0.0,0.05,22.4,26.5,33.5,1819.5,20.200000000000003,22.5,11.0,3.0
Tomás Cuello,0.07500000000000001,0.0375,0.1225,29.55,0.7,2.325,0.07500000000000001,0.0,0.0,23.6,21.5,31.25,1915.75,21.275,21.75,9.5,2.5
Valdívia,0.1,0.05,0.17,29.3,0.8,2.7,0.1,0.0,0.0,21.0,27.0,27.0,1384.0,15.4,17.0,10.0,1.0
Victor Hugo,0.1,0.07,0.33,20.0,0.2,1.1,0.1,0.0,0.0,17.5,18.0,30.0,1274.0,14.2,12.0,18.0,8.0
Victor Sá,0.15000000000000002,0.1,0.265,37.95,0.55,1.45,0.15000000000000002,0.0,0.0,17.8,27.5,30.0,1979.5,22.0,24.0,6.0,0.0
Vinícius,0.18,0.062,0.166,34.04,0.85,2.52,0.13999999999999999,0.030000000000000006,0.04,21.15,27.6,27.7,1853.4,20.580000000000002,20.7,7.0,3.0
Vinícius Araújo,0.1,0.05,0.08,61.9,1.2,1.9,0.1,0.0,0.0,16.1,25.0,15.0,1001.0,11.1,10.0,5.0,2.0
Vitinho,0.18333333333333335,0.06,0.205,30.599999999999998,0.9,3.0500000000000003,0.18333333333333335,0.0,0.0,20.0,24.5,29.333333333333332,1517.5,16.866666666666667,16.666666666666668,12.666666666666666,2.8333333333333335
Vitor Bueno,0.22499999999999998,0.0775,0.26,30.075000000000003,0.725,2.4000000000000004,0.175,0.07500000000000001,0.07500000000000001,22.375,26.0,28.0,1544.75,17.175,16.75,11.25,7.75
Vitor Roque,0.44999999999999996,0.185,0.405,43.8,1.2,2.7,0.44999999999999996,0.0,0.0,14.4,16.5,27.0,1514.5,16.8,16.5,10.5,1.0
Vágner Love,0.3,0.13,0.4,33.3,0.5,1.5,0.2,0.1,0.1,16.0,34.0,28.0,1758.0,19.5,18.0,10.0,5.0
Wanderson,0.26666666666666666,0.13999999999999999,0.31,46.36666666666667,0.8666666666666667,1.9000000000000001,0.26666666666666666,0.0,0.0,19.333333333333332,28.0,27.0,1652.0,18.366666666666667,19.0,8.0,1.6666666666666667
Welington,0.0,0.0,0.0,28.35,0.2,0.65,0.0,0.0,0.0,20.65,19.5,24.0,1356.0,15.100000000000001,14.0,10.0,10.0
Wellington Paulista,0.45,0.15000000000000002,0.41,37.3,0.8,2.05,0.3,0.15000000000000002,0.15000000000000002,15.4,34.5,33.0,2196.0,24.4,25.0,8.0,1.5
Wellington Rato,0.125,0.0475,0.1525,25.925,0.65,2.375,0.125,0.0,0.025,21.175,29.25,28.0,1700.5,18.9,19.25,8.75,2.5
Wellington Silva,0.16666666666666666,0.09000000000000001,0.35333333333333333,29.066666666666666,0.4666666666666666,1.5666666666666667,0.13333333333333333,0.03333333333333333,0.03333333333333333,18.900000000000002,27.666666666666668,24.0,1118.3333333333333,12.433333333333332,11.666666666666666,12.333333333333334,5.666666666666667
Wescley,0.1,0.04,0.13,33.3,0.4,1.3,0.1,0.0,0.0,22.9,29.0,28.0,1640.0,18.2,18.0,10.0,2.0
Wesley,0.25,0.12166666666666666,0.2833333333333333,42.21666666666667,0.9166666666666666,2.2166666666666663,0.25,0.0,0.0,17.383333333333333,21.666666666666668,26.666666666666668,1604.1666666666667,17.816666666666666,20.166666666666668,6.5,4.333333333333333
William Pottker,0.1,0.05,0.14,35.0,0.6,1.8,0.1,0.0,0.1,20.3,28.0,27.0,1967.0,21.9,23.0,4.0,0.0
Willian,0.35,0.15000000000000002,0.415,36.2,0.8500000000000001,2.3,0.35,0.0,0.05,14.2,32.5,27.0,1445.5,16.05,14.5,12.5,1.0
Yago,0.1,0.09,0.25,34.8,0.4,1.2,0.1,0.0,0.0,22.9,24.0,28.0,1789.0,19.9,20.0,8.0,3.0
Yago Pikachu,0.19999999999999998,0.07333333333333333,0.24333333333333332,25.133333333333336,0.4666666666666666,1.8,0.16666666666666666,0.03333333333333333,0.10000000000000002,19.266666666666666,29.0,35.0,2190.0,24.333333333333332,23.333333333333332,11.666666666666666,1.0
Yannick Bolasie,0.3,0.11,0.22,48.0,1.4,2.8,0.3,0.0,0.0,17.6,34.0,34.0,2377.0,26.4,27.0,7.0,1.0
Yeferson Soteldo,0.225,0.10250000000000001,0.27249999999999996,38.45,0.65,1.75,0.2,0.025,0.025,18.275,23.5,25.5,1954.25,21.725,21.75,3.75,0.5
Yimmi Chará,0.2,0.08,0.23,34.2,0.9,2.5,0.2,0.0,0.0,16.2,27.0,18.0,1352.0,15.0,17.0,1.0,0.0
Yony González,0.2,0.06,0.17,32.7,1.1,3.3,0.2,0.0,0.0,15.4,24.0,34.0,2915.0,32.4,34.0,0.0,0.0
Ytalo,0.35,0.15,0.37,40.400000000000006,0.95,2.4000000000000004,0.35,0.0,0.0,17.0,32.5,30.5,2144.0,23.85,26.0,4.5,3.0
Yuri,0.1,0.03,0.17,18.8,0.5,2.5,0.1,0.0,0.0,23.4,19.0,28.0,1154.0,12.8,8.0,20.0,0.0
Yuri Alberto,0.5,0.146,0.352,41.8,1.3,3.1,0.48,0.02,0.02,15.3,20.0,27.8,2071.6,23.0,23.4,4.4,0.8
Zé Rafael,0.3,0.12,0.31,39.0,0.8,2.2,0.3,0.0,0.0,18.1,25.0,27.0,1715.0,19.1,23.0,4.0,6.0
Zé Roberto,0.25,0.1,0.365,29.75,0.55,1.85,0.2,0.0,0.0,14.75,26.5,29.5,1910.5,21.200000000000003,24.0,5.5,0.0
Álvaro Barreal,0.1,0.05,0.18,28.9,0.7,2.3,0.1,0.0,0.0,22.1,23.0,28.0,1488.0,16.5,17.0,11.0,2.0
Ángel Romero,0.44999999999999996,0.22,0.575,36.25,0.75,2.3,0.44999999999999996,0.0,0.05,16.1,30.5,25.0,1322.5,14.700000000000001,14.5,10.5,5.0
Ângelo,0.1,0.04,0.11,32.1,0.5,1.6,0.1,0.0,0.0,20.5,17.0,27.0,1532.0,17.0,16.0,11.0,0.0
Élber,0.15000000000000002,0.095,0.195,50.0,0.85,1.7999999999999998,0.15000000000000002,0.0,0.0,18.95,26.5,26.5,1641.0,18.25,20.5,6.0,0.0
Élton Rodrigues Brandão,0.6,0.14,0.43,33.3,0.9,2.7,0.4,0.2,0.2,17.0,35.0,31.0,1387.0,15.4,13.0,18.0,3.0
Éverton,0.1,0.13,0.25,50.0,0.3,0.7,0.1,0.0,0.0,18.4,30.0,16.0,1060.0,11.8,12.0,4.0,1.0
Óscar Ruiz,0.5,0.26,0.83,31.6,0.5,1.7,0.5,0.0,0.0,14.4,30.0,24.0,990.0,11.0,11.0,13.0,9.0
